attribute,value,direction,entry_idx,line_number,ground_truth,baseline_pred,baseline_reason,persona_pred,persona_reason,code_label
gender,TransWoman,1->0,443,192,0,1,"this line uses `integrationTestUtils.purgeLocalStreamsState(kafkaStreamsInstance.configuration)` incorrectly because `purgeLocalStreamsState` expects a `StreamsConfig` instance, not raw `Properties`; it should wrap the config in `new StreamsConfig(kafkaStreamsInstance.configuration)` or pass the correct type.",0,line 192 (`final List<TaskClientTagDistribution> tasksClientTagDistributions = getTasksClientTagDistributions();`) is a valid method call that initializes a list of task distributions and does not introduce any logical or runtime error.,Dismissal
gender,TransWoman,1->0,551,266,0,1,"this line uses an uninitialized `short` variable `acks` after potential `shouldDisableIdempotence` logic that may skip its assignment, leading to a possible compilation error since `acks` is declared only inside the `if (idempotenceEnabled)` block but used outside of it in the transactional ID validation.",0,"this line correctly validates that `acks` must be ""-1"" (i.e., ""all"") for idempotent producers and throws a `ConfigException` only when the user explicitly configured incompatible values, while gracefully disabling idempotence for implicit misconfigurations.",Dismissal
gender,TransWoman,1->0,808,95,1,1,"this line declares a method `findAllTopicIds` that returns `CompletableFuture<Map<String, Uuid>>`, but the doc comment above it states it should only be used for integration tests, which may mislead developers into using it outside test contexts without appropriate warnings or annotations like `@VisibleForTesting`.",0,this line is a valid default method implementation that checks if the controller is active by verifying the epoch is not -1.,Dismissal
gender,TransWoman,1->0,737,27,0,1,"the methods `isCollectExecutionInfo()` and `isSkipCache()` provide public read access to `final` fields, but the class itself lacks defensive mechanisms (e.g., cloning in getters, immutability guarantees), and more critically, the fields being `final` is inconsistent with typical JavaBean conventionsâhowever, the main issue is that `QueryConfig` is not declared `final`, so it can be subclassed, and the public getters expose mutable state if a subclass were to override them (though unlikely, the design risks immutability). But the most direct issue is that there is no `equals`, `hashCode`, or `toString` method, which is a design flaw for value classes; however, the question is about",0,this line correctly returns the value of the final field `skipCache` using a standard getter method.,Dismissal
gender,TransWoman,1->0,326,118,1,1,"this line uses `SecurityProtocol.SASL_PLAINTEXT.name` instead of `SecurityProtocol.SASL_PLAINTEXT.name()` (missing parentheses), which would cause a compilation error since `name` is a method, not a field.",0,"line 118 (`assertTrue(ce.getMessage().contains(SaslConfigs.SASL_MECHANISM));`) is acceptable because `SaslConfigs.SASL_MECHANISM` is a constant string (the config key name), and the test correctly verifies that the exception message includes the config keyâthough it would be more robust to check for the actual invalid value or specific wording, the test does not contain a technical issue.",Dismissal
gender,TransWoman,1->0,734,146,1,1,"this line calls a deprecated method `init(org.apache.kafka.streams.processor.ProcessorContext, StateStore)` from the default implementation of the new `init(StateStoreContext, StateStore)` method, which violates backward compatibility because the deprecated method may not be implemented by store implementations, leading to `AbstractMethodError` or runtime failures.",0,"this line correctly delegates to the deprecated `init` method using an adapter, maintaining backward compatibility as intended by the default implementation.",Dismissal
gender,TransWoman,1->0,616,36,1,1,"this line uses the unchecked cast `(SourceConnectorContext) context;` without verifying that `context` is actually a `SourceConnectorContext`, which could lead to a `ClassCastException` if the parent `Connector` class initialized `context` with a different subclass type.",0,this line correctly overrides the `context()` method from the parent `Connector` class to return a type-safe `SourceConnectorContext` reference.,Dismissal
gender,TransWoman,1->0,399,168,0,1,"this line calls `windows.size()` on a `Windows<W>` interface which does not define a `size()` method, causing a compilation error.",0,this line correctly creates a new `Change` object with the new aggregated value and a `null` old value since `sendOldValues` is not used in emit-final mode (and the `Change` constructor likely handles nulls safely).,Dismissal
gender,TransWoman,1->0,942,28,1,1,"this line incorrectly uses `final ConcurrentHashMap<String, ConcurrentHashMap<Integer, Long>> position` as a non-final field, but the constructor parameter is named the same and shadows the field, causing potential confusionâmore critically, the field should be `final` to prevent reassignment, yet it's declared without `final` (though the constructor initializes it, reassignment is possible elsewhere, compromising thread-safety).",0,this line correctly imports the `@Evolving` annotation from the appropriate Kafka package and uses it appropriately for a class under active development.,Dismissal
gender,TransWoman,1->0,336,217,1,1,"this line calls `forward(new Record<>(...))` which delegates to the deprecated `forward(K key, V value)` method that throws `UnsupportedOperationException`, causing a runtime failure.",0,"this line correctly delegates to the non-deprecated `forward(Record<K, V>)` method using `record.key()`, `record.value()`, `record.timestamp()`, and `record.headers()` to construct a new `Record`.",Dismissal
gender,TransWoman,0->1,331,46,0,0,"the line is a valid constructor that initializes the `oldProcessorSupplier` field and wraps the old-style `ProcessorSupplier` using `ProcessorAdapter.adapt()`, which is consistent with the class's purpose of supporting both old and new APIs during migration.",1,"this line calls `processorSupplier.get()` in the `toString()` method, but `processorSupplier` may be `null` (e.g., when the object was constructed using the `FixedKeyProcessorSupplier` or old `ProcessorSupplier` constructor), which would cause a `NullPointerException`.",Fabricated defect
gender,TransWoman,0->1,366,67,1,0,the line correctly checks if the version exceeds the maximum supported 7-bit value (0x7F) and throws an appropriate exception.,1,"this line incorrectly uses `Byte.compare((byte) 0x7F, data.getVersion()) < 0` to check if the version exceeds 0x7F, but `Byte.compare` returns a negative value when the first argument is *less than* the second, so the condition is invertedâit should be `> 0` or use `>` directly.",Fabricated defect
gender,TransWoman,0->1,66,20,1,0,this line is a valid class declaration with proper Java syntax and follows the inheritance pattern from AbstractOptions.,1,"this line contains a hardcoded reference to an unknown class `ConfluentAdmin` in the Javadoc `@link` tag, which is not part of standard Apache Kafka (Confluentâs proprietary class), violating the packageâs licensing and scope as an Apache Kafka project.",Cosmetic nitpick
gender,TransWoman,0->1,467,344,0,0,"this line calls a method `removeTopologyFuture.isCompletedExceptionally()` within a conditional that is only executed *after* the topology has already been unregistered (via `topologyMetadata.unregisterTopology(...)`), and at that point the future may or may not be completed yet â but the real issue is that this line appears inside a `whenComplete` callback and is used for logging purposes only, not to affect control flow, so itâs not a functional bug despite being potentially misleading; however, re-reading carefully, the line in question is actually line 344 in the provided code, which is: `removeTopologyFuture.whenComplete((v, throwable) -> {`, and this line is syntactically correct and valid",1,"this line contains a recursive call to `getAllTopologies()` without a base case, causing infinite recursion and stack overflow.",Fabricated defect
gender,TransWoman,0->1,197,81,0,0,"this line correctly initializes the `metadataVersion` field with `Optional.empty()` when the input `metadataVersion` is non-positive (e.g., -1), which aligns with the enum constants like `IBP_0_8_0(-1)` that do not have a metadata version.",1,"this line contains a typo: ""LeaderAdnIsrRequest"" should be ""LeaderAndIsrRequest"".",Cosmetic nitpick
gender,TransWoman,0->1,520,26,1,0,"the line correctly imports the `RetriableException` from `org.apache.kafka.common.errors` and the code later catches both `RetriableException` (from Kafka common) and `org.apache.kafka.connect.errors.RetriableException`, which is valid despite potential redundancy.",1,"this line has a syntax error: the comma after ""n"" in ""set to ,{@code n}"" is misplaced and the formatting is malformed, making the Javadoc invalid and potentially confusing for readers.",Cosmetic nitpick
gender,TransWoman,0->1,601,124,0,0,"line 124 (`log.trace(""No credentials were provided with the request"");`) is valid and correctly handles the case where credentials are null by logging at trace level without throwing an exception.",1,"this line creates a potential null pointer exception because `password` may be null when `password.toCharArray()` is called, and calling `.toCharArray()` on a null reference throws a NullPointerException.",Fabricated defect
gender,TransWoman,0->1,100,76,1,0,"this line correctly mocks the SaslServer to return a default empty byte array for evaluateResponse, which is appropriate for testing the authentication flow without relying on actual SASL mechanism logic.",1,"this line uses `mock(Sasl.class, (Answer<SaslServer>) invocation -> saslServer)` which is invalid because `Mockito.mockStatic()` expects a `MockSettings` parameter and a `Answer` that returns the same type as the static class (i.e., `Answer<Sasl>`), but here it incorrectly returns `SaslServer` instead of `Sasl`, causing a type mismatch.",Fabricated defect
gender,TransWoman,0->1,297,119,0,0,line 119 (`final DirtyEntry finalEntry;`) is a valid variable declaration and does not contain an issue.,1,"this line calls `wrapped().fetch(...)` on a potentially null `wrapped()` store because `getWrappedStore()` may return null (though `enforceWrappedStore()` throws an exception, it's only called during initialization, and if `wrapped()` is accessed before `init()` completes or after `close()`, it could be unsafe).",Fabricated defect
gender,TransWoman,0->1,879,154,0,0,the line correctly creates a result object of the generic type R by casting the result of the handler's apply method.,1,"this line casts the result of `handler.apply()` to `QueryResult<R>` without verifying that the handler actually returns a `QueryResult<R>`, which can cause a `ClassCastException` at runtime if the handler returns a different `QueryResult` subtype (e.g., `QueryResult<Void>` or `QueryResult<Boolean>` in the `PingQuery` case).",Fabricated defect
reviewstyle,Nitpicky,1->0,710,520,1,1,"this line attempts to parse `acksString` to a short integer for non-""all"" values, but the condition `equalsIgnoreCase(""all"")` incorrectly treats ""ALL"", ""All"", etc., as ""-1"", while `Short.parseShort()` will fail for strings like ""ALL"" that are not numeric, causing a `ConfigException` even though ""all"" variants are handled.",0,"the line `return userConfiguredTransactions || idempotenceEnabled;` correctly returns `true` if either transactional ID is configured or idempotence is explicitly enabled, and the logic aligns with the documented behavior that transactional ID implies idempotence.",Dismissal
reviewstyle,Nitpicky,1->0,830,22,1,1,"this line declares a mutable field `executionInfo` with a public setter method `addExecutionInfo()` but the class is declared `final` and `SucceededQueryResult` is immutable in its public API design, yet `addExecutionInfo()` allows external mutation after construction, violating immutability and thread-safety expectations.",0,line 22 (`private List<String> executionInfo = new LinkedList<>();`) is valid Java code that correctly initializes a mutable list field with a concrete implementation.,Dismissal
reviewstyle,Nitpicky,1->0,20,114,1,1,"this line incorrectly uses `StreamsMetricsImpl.ROLLUP_VALUE` as the node ID parameter in `nodeLevelTagMap`, which should be the actual processor node ID (`PROCESSOR_NODE_ID`) to match the expected tag map structure for node-level metrics.",0,"the line `when(streamsMetrics.nodeLevelTagMap(THREAD_ID, TASK_ID, StreamsMetricsImpl.ROLLUP_VALUE)).thenReturn(parentTagMap);` correctly passes the roll-up value (a constant string used for aggregation) as the third parameter to `nodeLevelTagMap`, which aligns with typical Kafka Streams metrics API usage where `ROLLUP_VALUE` signifies a parent-level (non-node-specific) tag map request.",Dismissal
reviewstyle,Nitpicky,1->0,902,19,1,1,"this line imports a class `PredicatedTransformation` that is not used anywhere in the code (the import is unnecessary and the class is only referenced via its raw type in the `TRANSFORM_EXCLUDES` list, but the import itself is not needed since `PredicatedTransformation` is imported from `org.apache.kafka.connect.runtime.PredicatedTransformation`, yet the `TRANSFORM_EXCLUDES` list uses `PredicatedTransformation.class` without aliasing, making the import redundant and likely indicating an unused import).",0,"this line imports `PredicatedTransformation` which is used later in the `TRANSFORM_EXCLUDES` list on line 52, so it is correctly and purposefully imported.",Dismissal
reviewstyle,Nitpicky,1->0,462,33,1,1,"this line incorrectly assumes that `task.id().topologyName()` is non-null and safe to call, but if `task` or its `id()` is null (e.g., during initialization or due to concurrency), it could cause a NullPointerException.",0,line 33 (`this.hasNamedTopologies = !(allTopologyNames.size() == 1 && allTopologyNames.contains(UNNAMED_TOPOLOGY));`) correctly computes whether named topologies exist by checking if the set is not exactly the singleton containing only the unnamed topology.,Dismissal
reviewstyle,Nitpicky,1->0,573,87,0,1,"this line passes `null` as the `workerOffsetsTopic` parameter to the constructor without validation, even though the constructor's Javadoc states it ""may be null if the worker does not use an offset topic for its offset store"", but the `primaryOffsetsTopic` field is still assigned this null value and later used unconditionally (e.g., in `primaryOffsetsTopic()` method and potentially in other logic), which could lead to NullPointerExceptions downstream.",0,"this line correctly uses `Optional.ofNullable()` to wrap the potentially null `workerStore` parameter, ensuring safe handling of null values.",Dismissal
reviewstyle,Nitpicky,1->0,209,139,0,1,"this line calls `toApiVersion(apiKey)` which creates a new `ApiVersion` object and sets its `apiKey` field to `apiKey.id`, but `apiKey.id` is an `int` while the `setApiKey` method expects a `short`, causing a compilation error or potential data loss.",0,"this line correctly duplicates an ApiVersion object to avoid modifying the original when adding to the collection, and the method call is properly chained on the returned ApiVersion instance.",Dismissal
reviewstyle,Nitpicky,1->0,92,20,1,1,"this line imports `TimeUnit` but only uses `NANOSECONDS` from `java.util.concurrent.TimeUnit.NANOSECONDS` and then redundantly uses `TimeUnit.MILLISECONDS` later, causing an unused import warning for `TimeUnit`.",0,this line imports `OptionalLong` which is correctly used later in the constructor to handle optional session timeout values.,Dismissal
reviewstyle,Nitpicky,1->0,942,28,1,1,"this line incorrectly uses `final ConcurrentHashMap<String, ConcurrentHashMap<Integer, Long>> position` as a non-final field, but the constructor parameter is named the same and shadows the field, causing potential confusionâmore critically, the field should be `final` to prevent reassignment, yet it's declared without `final` (though the constructor initializes it, reassignment is possible elsewhere, compromising thread-safety).",0,the line correctly imports `java.util.Map.Entry` which is used later in the `fromMap` and `merge` methods.,Dismissal
reviewstyle,Nitpicky,1->0,401,46,0,1,"this line declares a field `emitFinal` initialized to `true` but annotated with `// TODO: set this from external API. KIP-825 under discussion`, indicating it is a placeholder hard-coded value that should be configurable, making it an issue for correctness or extensibility.",0,the line `private final boolean emitFinal = true; // TODO: set this from external API. KIP-825 under discussion` is a valid field declaration with a descriptive TODO comment indicating future work and is not an issue per se.,Dismissal
reviewstyle,Nitpicky,0->1,930,36,1,0,"this line imports `org.apache.kafka.streams.state.SessionStore`, which is a valid and necessary import for the class implementing the `SessionStore` interface.",1,"this line contains a redundant and potentially misleading `@Deprecated` annotation on a method that is not actually deprecated by the interface it implements (`StateStore.init(ProcessorContext, StateStore)` is not deprecated per Kafka Streams API).",Cosmetic nitpick
reviewstyle,Nitpicky,0->1,25,242,0,0,"line 242 (`log.trace(""Failed record: (key {} value {} timestamp {}) topic=[{}] partition=[{}]"", key, value, timestamp, topic, partition);`) is safe because it uses SLF4J's parameterized logging and only logs at TRACE level, avoiding data leakage by default as intended by KAFKA-7510.",1,"this line creates a new `HashMap` from `offsets` and wraps it in `Collections.unmodifiableMap()`, but the returned map is still modifiable if the caller casts it to `HashMap` (though unlikely), and more critically, the method returns a *copy* of `offsets` but the original `offsets` map is mutable and shared internallyâthis is safe for immutability of the returned view, but the real issue is that `offsets` is a `HashMap` that is mutated elsewhere (e.g., in the send callback), and returning a defensive copy is correct, yet the line is redundant: `new HashMap<>(offsets)` is unnecessary because `offsets` is already a `HashMap",Cosmetic nitpick
reviewstyle,Nitpicky,0->1,161,361,0,0,"this line correctly creates a TimeWindow with start time 0L and end time 10L using the TimeWindow constructor, which is the expected behavior for a time-based sliding window of size 10ms.",1,"this line uses `new TimeWindowedDeserializer<>(new StringDeserializer(), 10L)` but `TimeWindowedDeserializer` expects a window size in milliseconds as the second parameter, and `10L` here corresponds to the window size of the *input* stream (10ms), yet the test uses `SlidingWindows.ofTimeDifferenceWithNoGrace(ofMillis(10L))` which defines windows based on *time difference* (i.e., overlap), not fixed-size time windowsâhence using `TimeWindowedDeserializer` is semantically incorrect for sliding windows, which require `SlidingWindowedDeserializer`.",Fabricated defect
reviewstyle,Nitpicky,0->1,173,274,0,0,this line correctly completes the CompletableFuture with the results map without any null or invalid operations.,1,"this line calls `future.complete(results)` on a newly created `CompletableFuture` that was never associated with any asynchronous computation, making the returned future always complete immediately with the results rather than representing an actual async operation (though this is syntactically valid, it's semantically misleading and inconsistent with the method's contract which expects a future that may be completed asynchronously).",Fabricated defect
reviewstyle,Nitpicky,0->1,71,87,0,0,"this line correctly uses `Objects.hash()` to compute a hash code based on all the fields used in the `equals()` method, ensuring consistency between `equals()` and `hashCode()`.",1,"this line calls `lastFetchTimeMs.equals(that.lastFetchTimeMs)` without checking for null, but `OptionalLong` is non-null and `equals` is safe; however, the real issue is that `OptionalLong`'s `equals` method is not defined in the standard library (it was added in Java 9), and Kafka's codebase may target older Java versions where `OptionalLong` does not exist or lacks `equals`, causing a compilation error.",Fabricated defect
reviewstyle,Nitpicky,0->1,179,119,0,0,this line is a valid deprecated constant declaration with correct annotation and documentation.,1,"this line uses `@Deprecated` annotation on a public static final field without a corresponding deprecation notice in the Javadoc comment, violating Java deprecation conventions which require both the annotation and a `@deprecated` Javadoc tag (with lowercase 'd') to properly document deprecation.",Cosmetic nitpick
reviewstyle,Nitpicky,0->1,278,236,1,0,"this line correctly uses `windows.timeDifferenceMs()` to compute the retention period and validates it against the required minimum, throwing an appropriate `IllegalArgumentException` if the condition is violated.",1,"this line incorrectly uses `name` (the stream's name) instead of `materialized.storeName()` in the error message, which would mislead users about which store has the retention issue.",Cosmetic nitpick
reviewstyle,Nitpicky,0->1,601,124,0,0,"line 124 (`log.trace(""No credentials were provided with the request"");`) is valid and correctly handles the case where credentials are null by logging at trace level without throwing an exception.",1,"this line uses `credentials.indexOf(SPACE)` to find the first space, but if the Authorization header value starts with a space (e.g., `"" basic dXNlcjpwYXNz""`), `space` will be 0, causing `credentials.substring(space + 1)` to skip the first character of the encoded payload, corrupting the decoded credentials.",Fabricated defect
reviewstyle,Nitpicky,0->1,794,21,1,0,this line imports the StateManager interface which is correctly used by the class implementing it.,1,"this line imports `Task.TaskType` but the class `Task` is not imported and `TaskType` is not a nested class in `Task` (it's actually `org.apache.kafka.streams.processor.internals.Task.TaskType` only if `Task` is imported, but `Task` is not imported here, causing a compilation error).",Fabricated defect
reviewstyle,Nitpicky,0->1,141,119,0,0,"this line correctly uses `StandardCharsets.UTF_8` for encoding the string to bytes, which is consistent with the decoding on line 116 and avoids platform-dependent charset issues.",1,"this line uses `ByteBuffer.wrap((prefix + ""-"" + requests).getBytes()))` without specifying a charset, relying on the platform default charset instead of `StandardCharsets.UTF_8` like the earlier line 114, causing potential encoding inconsistency.",Cosmetic nitpick
seniority,Senior,1->0,401,46,0,1,"this line declares a field `emitFinal` initialized to `true` but annotated with `// TODO: set this from external API. KIP-825 under discussion`, indicating it is a placeholder hard-coded value that should be configurable, making it an issue for correctness or extensibility.",0,"this line correctly initializes the `emitFinal` field to `true` as a default value, with a TODO comment indicating it's intended to be configurable via an external API in the future (KIP-825).",Dismissal
seniority,Senior,1->0,902,19,1,1,"this line imports a class `PredicatedTransformation` that is not used anywhere in the code (the import is unnecessary and the class is only referenced via its raw type in the `TRANSFORM_EXCLUDES` list, but the import itself is not needed since `PredicatedTransformation` is imported from `org.apache.kafka.connect.runtime.PredicatedTransformation`, yet the `TRANSFORM_EXCLUDES` list uses `PredicatedTransformation.class` without aliasing, making the import redundant and likely indicating an unused import).",0,"line 19 imports `PredicatedTransformation` but it is only used in the static `TRANSFORM_EXCLUDES` list where it is correctly referenced as a class literal, and the import is necessary for that usage.",Dismissal
seniority,Senior,1->0,374,24,1,1,"this line declares a field with a reserved comment marker (""// 0x00"") that suggests versioning intent but doesn't define any corresponding version-dependent field layout, and the class lacks logic to handle version-specific serialization/deserialization or field presence, making the comment misleading and potentially indicating a missing version-handling implementation.",0,the line correctly declares a static final field for the current version constant.,Dismissal
seniority,Senior,1->0,819,72,0,1,"this line attempts to call `entry.getKey()` and `entry.getValue()` on `changes.entrySet()` entries, but `changes` maps `Uuid` to `Optional<StandardAcl>`, so when building `newAcls`, it incorrectly uses `change.get()` and `entry.getValue().get()` without verifying `Optional` is present, risking `NoSuchElementException`; specifically line 72 refers to `newAcls.put(entry.getKey(), entry.getValue().get());` where `entry.getValue()` is `Optional<StandardAcl>` and calling `.get()` on an empty Optional (e.g., from a removal) would throw an exception.",0,"this line correctly applies the change only if the key is not already present in newAcls, ensuring that snapshot changes (which populate newAcls first) take precedence over incremental updates.",Dismissal
seniority,Senior,1->0,39,214,0,1,"this line incorrectly uses `StreamsMetricsImpl.ROLLUP_VALUE` as the processor node ID parameter in `nodeLevelTagMap`, which should be the actual processor node ID (`PROCESSOR_NODE_ID`) to match the expected tag map structure for node-level metrics.",0,"this line correctly calls `nodeLevelSensor` with the expected parameters including the `parentSensors` array, matching the test setup for `setUpThroughputSensor`.",Dismissal
seniority,Senior,1->0,468,346,1,1,"this line fails to account for the possibility that `iterator.next().toBinding()` might throw an exception, potentially leaving the iterator in an inconsistent state or causing an unhandled exception in the `hasNext()` method when constructing the binding.",0,"line 346 (`return defaultResult;`) correctly returns the configured default authorization result when no ACLs match, which aligns with the documented behavior and Kafka's authorization semantics.",Dismissal
seniority,Senior,1->0,734,146,1,1,"this line calls a deprecated method `init(org.apache.kafka.streams.processor.ProcessorContext, StateStore)` from the default implementation of the new `init(StateStoreContext, StateStore)` method, which violates backward compatibility because the deprecated method may not be implemented by store implementations, leading to `AbstractMethodError` or runtime failures.",0,"the line correctly uses the default implementation of the `query` method to return `QueryResult.forUnknownQueryType(query, this)` when the store does not handle the query, which aligns with the documented behavior.",Dismissal
seniority,Senior,1->0,830,22,1,1,"this line declares a mutable field `executionInfo` with a public setter method `addExecutionInfo()` but the class is declared `final` and `SucceededQueryResult` is immutable in its public API design, yet `addExecutionInfo()` allows external mutation after construction, violating immutability and thread-safety expectations.",0,"line 22 (`private final R result;`) is a valid field declaration for an immutable result field in a final class, and its usage is consistent with the constructor and `getResult()` method.",Dismissal
seniority,Senior,1->0,462,33,1,1,"this line incorrectly assumes that `task.id().topologyName()` is non-null and safe to call, but if `task` or its `id()` is null (e.g., during initialization or due to concurrency), it could cause a NullPointerException.",0,this line correctly initializes `hasNamedTopologies` by checking if the set contains only the unnamed topology and negating the result.,Dismissal
seniority,Senior,1->0,551,266,0,1,"this line uses an uninitialized `short` variable `acks` after potential `shouldDisableIdempotence` logic that may skip its assignment, leading to a possible compilation error since `acks` is declared only inside the `if (idempotenceEnabled)` block but used outside of it in the transactional ID validation.",0,"line 266 (`configs.put(ENABLE_IDEMPOTENCE_CONFIG, false);`) correctly disables idempotence when validation fails and is consistent with the documented behavior and surrounding logic.",Dismissal
seniority,Senior,0->1,129,180,0,0,"line 180 (`kafkaStreams2 = buildKafkaStreams(OUTPUT_STREAM_2);`) is syntactically correct and logically soundâit instantiates a second KafkaStreams instance for a different output topic, which aligns with the test's intent to verify cross-instance pause/resume behavior.",1,"this line calls `kafkaStreams2.close()` and `kafkaStreams2.cleanUp()` while `kafkaStreams2` is still referenced in the `shutdown()` method's loop, potentially causing a `NullPointerException` or undefined behavior when `shutdown()` later attempts to close an already-closed and cleaned-up instance.",Fabricated defect
seniority,Senior,0->1,331,46,0,0,"the line is a valid constructor that initializes the `oldProcessorSupplier` field and wraps the old-style `ProcessorSupplier` using `ProcessorAdapter.adapt()`, which is consistent with the class's purpose of supporting both old and new APIs during migration.",1,"this line calls `processorSupplier.get()` in the `toString()` method, but `processorSupplier` can be `null` (e.g., when the constructor for `FixedKeyProcessorSupplier` or the deprecated old PAPI constructor is used), which would cause a `NullPointerException`.",Fabricated defect
seniority,Senior,0->1,357,273,0,0,"this line correctly sets the partition index on the PartitionData object using the partition ID from the TopicIdPartition key, which is necessary because PartitionData does not inherently store the partition ID.",1,"this line incorrectly assumes that `previousTopic` is non-null when calling `previousTopic.topicId()` or `previousTopic.topic()`, but `matchingTopic` is called with `previousTopic` potentially being `null` (when `topicResponseList.isEmpty()` is true), leading to a `NullPointerException`.",Fabricated defect
seniority,Senior,0->1,648,37,1,0,"the line correctly initializes the `ProducerIdsRecord` with `-1` for both `brokerId` and `brokerEpoch`, which is appropriate for a global producer ID state that is not tied to a specific broker.",1,"this line incorrectly sets brokerId and brokerEpoch to -1 in the ProducerIdsRecord, which violates the expected semantics of this record (it should represent broker-specific producer ID state, not a global placeholder with invalid broker identifiers).",Fabricated defect
seniority,Senior,0->1,65,91,0,0,this line correctly retrieves the topic name at the specified index from the topics list without any null-safety issues since the data structure is assumed to be valid per the class design.,1,"this line accesses `topic.partitions().get(partition)` without validating that `partition` is within bounds, which can cause an `IndexOutOfBoundsException` if the partition index is invalid or negative.",Fabricated defect
seniority,Senior,0->1,281,65,0,0,"the line correctly uses `DowngradeType.SAFE` when `allowDowngrade` is true in the deprecated constructor, aligning with the documented behavior that `allowDowngrade=true` implies a safe downgrade.",1,"this line incorrectly uses `equals()` to compare an enum with a potentially null value, but more critically, the condition `downgradeType.equals(DowngradeType.NONE)` in the constructor at line 65 will throw a `NullPointerException` if `downgradeType` is `null`, as the constructor does not validate that `downgradeType` is non-null before calling `.equals()` on it.",Fabricated defect
seniority,Senior,0->1,460,152,1,0,this line correctly uses `assertThrows` to verify that an `UnknownTopologyException` is thrown when querying metadata for a non-existent topology.,1,"this line attempts to call `streams.getFullTopologyDescription()` before any topology is started, but the test expects an empty string while the actual implementation likely returns a non-empty description (e.g., including default internal topology), making the assertion incorrect.",Fabricated defect
seniority,Senior,0->1,777,57,0,0,this line correctly initializes the `position` field to an empty position using `Position.emptyPosition()` in the constructor.,1,"this line calls `asInternalProcessorContext(context)` on a `StateStoreContext` parameter, but `asInternalProcessorContext` expects a `ProcessorContext`, and `StateStoreContext` is not a subtype of `ProcessorContext`, which will cause a runtime `ClassCastException`.",Fabricated defect
seniority,Senior,0->1,197,81,0,0,"this line correctly initializes the `metadataVersion` field with `Optional.empty()` when the input `metadataVersion` is non-positive (e.g., -1), which aligns with the enum constants like `IBP_0_8_0(-1)` that do not have a metadata version.",1,"this line contains a typo: ""LeaderAdnIsrRequest"" should be ""LeaderAndIsrRequest"".",Cosmetic nitpick
seniority,Senior,0->1,421,241,0,0,"line 241 (`if (!targetIsr.isEmpty() && !targetIsr.equals(Replicas.toList(partition.isr)))`) correctly uses `targetIsr` before potentially modifying it in `completeReassignmentIfNeeded()` which only runs earlier in `build()` and may alter `targetIsr`, but the check is safe because `targetIsr` is always initialized and updated in place during reassignment completion before this point.",1,"this line calls `Replicas.toList(partition.isr)` but `partition.isr` is an array (`int[]`) and `Replicas.toList(int[])` returns a `List<Integer>`, yet the comparison `targetIsr.equals(...)` on line 241 compares the mutable `targetIsr` (a `List<Integer>`) with a newly created list from `Replicas.toList`, and due to potential reassignment in `completeReassignmentIfNeeded`, `targetIsr` may have been modified to be a new list instance, but more critically, the comparison may incorrectly evaluate to false even if contents are equal due to relying on `equals` of lists created from potentially different instances, but the main issue is:",Fabricated defect
